,Protocol,Flow Duration,Total Fwd Packets,Total Backward Packets,Fwd Packets Length Total,Bwd Packets Length Total,Fwd Packet Length Max,Fwd Packet Length Min,Fwd Packet Length Mean,Fwd Packet Length Std,Bwd Packet Length Max,Bwd Packet Length Min,Bwd Packet Length Mean,Bwd Packet Length Std,Flow Bytes/s,Flow Packets/s,Flow IAT Mean,Flow IAT Std,Flow IAT Max,Flow IAT Min,Fwd IAT Total,Fwd IAT Mean,Fwd IAT Std,Fwd IAT Max,Fwd IAT Min,Bwd IAT Total,Bwd IAT Mean,Bwd IAT Std,Bwd IAT Max,Bwd IAT Min,Fwd PSH Flags,Bwd PSH Flags,Fwd URG Flags,Bwd URG Flags,Fwd Header Length,Bwd Header Length,Fwd Packets/s,Bwd Packets/s,Packet Length Min,Packet Length Max,Packet Length Mean,Packet Length Std,Packet Length Variance,FIN Flag Count,SYN Flag Count,RST Flag Count,PSH Flag Count,ACK Flag Count,URG Flag Count,CWE Flag Count,ECE Flag Count,Down/Up Ratio,Avg Packet Size,Avg Fwd Segment Size,Avg Bwd Segment Size,Fwd Avg Bytes/Bulk,Fwd Avg Packets/Bulk,Fwd Avg Bulk Rate,Bwd Avg Bytes/Bulk,Bwd Avg Packets/Bulk,Bwd Avg Bulk Rate,Subflow Fwd Packets,Subflow Fwd Bytes,Subflow Bwd Packets,Subflow Bwd Bytes,Init Fwd Win Bytes,Init Bwd Win Bytes,Fwd Act Data Packets,Fwd Seg Size Min,Active Mean,Active Std,Active Max,Active Min,Idle Mean,Idle Std,Idle Max,Idle Min,Label,Class
0,17,216631,6,0,2088,0,393,321,348,35.08846,0,0,0,0,9638.51,27.696867,43326.2,59304.016,108616,0,216631,43326.2,59304.016,108616,0,0,0,0,0,0,0,0,0,0,96,0,27.696867,0,321,393,344.14285,33.617596,1130.1428,0,0,0,0,0,0,0,0,0,401.5,348,0,0,0,0,0,0,0,6,2088,0,0,-1,-1,5,14,0,0,0,0,0,0,0,0,UDP,Attack
1,17,2,2,0,802,0,401,401,401,0,0,0,0,0,401000000,1000000,2,0,2,2,2,2,0,2,2,0,0,0,0,0,0,0,0,0,40,0,1000000,0,401,401,401,0,0,0,0,0,0,0,0,0,0,0,601.5,401,0,0,0,0,0,0,0,2,802,0,0,-1,-1,1,20,0,0,0,0,0,0,0,0,UDP,Attack
2,17,48,2,0,766,0,383,383,383,0,0,0,0,0,15958333,41666.668,48,0,48,48,48,48,0,48,48,0,0,0,0,0,0,0,0,0,40,0,41666.668,0,383,383,383,0,0,0,0,0,0,0,0,0,0,0,574.5,383,0,0,0,0,0,0,0,2,766,0,0,-1,-1,1,20,0,0,0,0,0,0,0,0,UDP,Attack
3,17,107319,4,0,1398,0,369,330,349.5,22.51666,0,0,0,0,13026.584,37.272057,35773,61959.79,107318,0,107319,35773,61959.79,107318,0,0,0,0,0,0,0,0,0,0,80,0,37.272057,0,330,369,345.6,21.36118,456.3,0,0,0,0,0,0,0,0,0,432,349.5,0,0,0,0,0,0,0,4,1398,0,0,-1,-1,3,20,0,0,0,0,0,0,0,0,UDP,Attack
4,17,107271,4,0,1438,0,389,330,359.5,34.063667,0,0,0,0,13405.301,37.288734,35757,61931.207,107269,1,107271,35757,61931.207,107269,1,0,0,0,0,0,0,0,0,0,32,0,37.288734,0,330,389,353.6,32.31563,1044.3,0,0,0,0,0,0,0,0,0,442,359.5,0,0,0,0,0,0,0,4,1438,0,0,-1,-1,3,8,0,0,0,0,0,0,0,0,UDP,Attack
5,17,48,2,0,802,0,401,401,401,0,0,0,0,0,16708333,41666.668,48,0,48,48,48,48,0,48,48,0,0,0,0,0,0,0,0,0,40,0,41666.668,0,401,401,401,0,0,0,0,0,0,0,0,0,0,0,601.5,401,0,0,0,0,0,0,0,2,802,0,0,-1,-1,1,20,0,0,0,0,0,0,0,0,UDP,Attack
6,17,1,2,0,766,0,383,383,383,0,0,0,0,0,766000000,2000000,1,0,1,1,1,1,0,1,1,0,0,0,0,0,0,0,0,0,16,0,2000000,0,383,383,383,0,0,0,0,0,0,0,0,0,0,0,574.5,383,0,0,0,0,0,0,0,2,766,0,0,-1,-1,1,8,0,0,0,0,0,0,0,0,UDP,Attack
7,17,109142,4,0,1438,0,389,330,359.5,34.063667,0,0,0,0,13175.496,36.6495,36380.668,62968.133,109090,1,109142,36380.668,62968.133,109090,1,0,0,0,0,0,0,0,0,0,-2125437880,0,36.6495,0,330,389,353.6,32.31563,1044.3,0,0,0,0,0,0,0,0,0,442,359.5,0,0,0,0,0,0,0,4,1438,0,0,-1,-1,3,-1062718972,0,0,0,0,0,0,0,0,UDP,Attack
8,17,1,2,0,802,0,401,401,401,0,0,0,0,0,802000000,2000000,1,0,1,1,1,1,0,1,1,0,0,0,0,0,0,0,0,0,40,0,2000000,0,401,401,401,0,0,0,0,0,0,0,0,0,0,0,601.5,401,0,0,0,0,0,0,0,2,802,0,0,-1,-1,1,20,0,0,0,0,0,0,0,0,UDP,Attack
9,17,215834,6,0,2088,0,393,321,348,35.08846,0,0,0,0,9674.102,27.799143,43166.8,59122.97,109846,1,215834,43166.8,59122.97,109846,1,0,0,0,0,0,0,0,0,0,120,0,27.799143,0,321,393,344.14285,33.617596,1130.1428,0,0,0,0,0,0,0,0,0,401.5,348,0,0,0,0,0,0,0,6,2088,0,0,-1,-1,5,20,0,0,0,0,0,0,0,0,UDP,Attack
10,17,1,2,0,766,0,383,383,383,0,0,0,0,0,766000000,2000000,1,0,1,1,1,1,0,1,1,0,0,0,0,0,0,0,0,0,-2125437944,0,2000000,0,383,383,383,0,0,0,0,0,0,0,0,0,0,0,574.5,383,0,0,0,0,0,0,0,2,766,0,0,-1,-1,1,-1062718972,0,0,0,0,0,0,0,0,UDP,Attack
11,17,1,2,0,766,0,383,383,383,0,0,0,0,0,766000000,2000000,1,0,1,1,1,1,0,1,1,0,0,0,0,0,0,0,0,0,0,0,2000000,0,383,383,383,0,0,0,0,0,0,0,0,0,0,0,574.5,383,0,0,0,0,0,0,0,2,766,0,0,-1,-1,1,0,0,0,0,0,0,0,0,0,UDP,Attack
12,17,107443,4,0,1438,0,389,330,359.5,34.063667,0,0,0,0,13383.841,37.229042,35814.332,62029.65,107440,1,107443,35814.332,62029.65,107440,1,0,0,0,0,0,0,0,0,0,32,0,37.229042,0,330,389,353.6,32.31563,1044.3,0,0,0,0,0,0,0,0,0,442,359.5,0,0,0,0,0,0,0,4,1438,0,0,-1,-1,3,8,0,0,0,0,0,0,0,0,UDP,Attack
13,17,108613,4,0,1398,0,369,330,349.5,22.51666,0,0,0,0,12871.388,36.828003,36204.332,62706.01,108611,1,108613,36204.332,62706.01,108611,1,0,0,0,0,0,0,0,0,0,32,0,36.828003,0,330,369,345.6,21.36118,456.3,0,0,0,0,0,0,0,0,0,432,349.5,0,0,0,0,0,0,0,4,1398,0,0,-1,-1,3,8,0,0,0,0,0,0,0,0,UDP,Attack
14,17,110717,4,0,1544,0,389,383,386,3.4641016,0,0,0,0,13945.465,36.128147,36905.668,63919.89,110714,1,110717,36905.668,63919.89,110714,1,0,0,0,0,0,0,0,0,0,-4,0,36.128147,0,383,389,386.6,3.2863352,10.8,0,0,0,0,0,0,0,0,0,483.25,386,0,0,0,0,0,0,0,4,1544,0,0,-1,-1,3,-1,0,0,0,0,0,0,0,0,UDP,Attack
15,17,213881,6,0,2088,0,393,321,348,35.08846,0,0,0,0,9762.438,28.052982,42776.2,58556.19,108028,1,213881,42776.2,58556.19,108028,1,0,0,0,0,0,0,0,0,0,84,0,28.052982,0,321,393,344.14285,33.617596,1130.1428,0,0,0,0,0,0,0,0,0,401.5,348,0,0,0,0,0,0,0,6,2088,0,0,-1,-1,5,8,0,0,0,0,0,0,0,0,UDP,Attack
16,17,105149,4,0,1398,0,369,330,349.5,22.51666,0,0,0,0,13295.419,38.041256,35049.668,60706.938,105148,0,105149,35049.668,60706.938,105148,0,0,0,0,0,0,0,0,0,0,56,0,38.041256,0,330,369,345.6,21.36118,456.3,0,0,0,0,0,0,0,0,0,432,349.5,0,0,0,0,0,0,0,4,1398,0,0,-1,-1,3,8,0,0,0,0,0,0,0,0,UDP,Attack
17,17,1,2,0,750,0,375,375,375,0,0,0,0,0,750000000,2000000,1,0,1,1,1,1,0,1,1,0,0,0,0,0,0,0,0,0,40,0,2000000,0,375,375,375,0,0,0,0,0,0,0,0,0,0,0,562.5,375,0,0,0,0,0,0,0,2,750,0,0,-1,-1,1,20,0,0,0,0,0,0,0,0,UDP,Attack
18,17,107859,4,0,1438,0,389,330,359.5,34.063667,0,0,0,0,13332.221,37.085453,35953,62271.56,107858,0,107859,35953,62271.56,107858,0,0,0,0,0,0,0,0,0,0,80,0,37.085453,0,330,389,353.6,32.31563,1044.3,0,0,0,0,0,0,0,0,0,442,359.5,0,0,0,0,0,0,0,4,1438,0,0,-1,-1,3,20,0,0,0,0,0,0,0,0,UDP,Attack
19,17,3,2,0,966,0,483,483,483,0,0,0,0,0,322000000,666666.7,3,0,3,3,3,3,0,3,3,0,0,0,0,0,0,0,0,0,28,0,666666.7,0,483,483,483,0,0,0,0,0,0,0,0,0,0,0,724.5,483,0,0,0,0,0,0,0,2,966,0,0,-1,-1,1,14,0,0,0,0,0,0,0,0,UDP,Attack
20,17,108606,4,0,1438,0,389,330,359.5,34.063667,0,0,0,0,13240.5205,36.83038,36202,62661.273,108557,1,108606,36202,62661.273,108557,1,0,0,0,0,0,0,0,0,0,32,0,36.83038,0,330,389,353.6,32.31563,1044.3,0,0,0,0,0,0,0,0,0,442,359.5,0,0,0,0,0,0,0,4,1438,0,0,-1,-1,3,8,0,0,0,0,0,0,0,0,UDP,Attack
21,17,109162,4,0,1438,0,389,330,359.5,34.063667,0,0,0,0,13173.082,36.642788,36387.332,63022.977,109160,0,109162,36387.332,63022.977,109160,0,0,0,0,0,0,0,0,0,0,80,0,36.642788,0,330,389,353.6,32.31563,1044.3,0,0,0,0,0,0,0,0,0,442,359.5,0,0,0,0,0,0,0,4,1438,0,0,-1,-1,3,20,0,0,0,0,0,0,0,0,UDP,Attack
22,17,108647,4,0,1438,0,389,330,359.5,34.063667,0,0,0,0,13235.524,36.81648,36215.668,62725.645,108645,1,108647,36215.668,62725.645,108645,1,0,0,0,0,0,0,0,0,0,32,0,36.81648,0,330,389,353.6,32.31563,1044.3,0,0,0,0,0,0,0,0,0,442,359.5,0,0,0,0,0,0,0,4,1438,0,0,-1,-1,3,8,0,0,0,0,0,0,0,0,UDP,Attack
23,17,109888,4,0,1498,0,404,345,374.5,34.063667,0,0,0,0,13632.062,36.4007,36629.332,63440.402,109884,1,109888,36629.332,63440.402,109884,1,0,0,0,0,0,0,0,0,0,56,0,36.4007,0,345,404,368.6,32.31563,1044.3,0,0,0,0,0,0,0,0,0,460.75,374.5,0,0,0,0,0,0,0,4,1498,0,0,-1,-1,3,14,0,0,0,0,0,0,0,0,UDP,Attack
24,17,213888,6,0,2088,0,393,321,348,35.08846,0,0,0,0,9762.118,28.052065,42777.6,58609.43,109813,1,213888,42777.6,58609.43,109813,1,0,0,0,0,0,0,0,0,0,56,0,28.052065,0,321,393,344.14285,33.617596,1130.1428,0,0,0,0,0,0,0,0,0,401.5,348,0,0,0,0,0,0,0,6,2088,0,0,-1,-1,5,0,0,0,0,0,0,0,0,0,UDP,Attack
25,17,107525,4,0,1438,0,389,330,359.5,34.063667,0,0,0,0,13373.634,37.20065,35841.668,62039.754,107479,1,107525,35841.668,62039.754,107479,1,0,0,0,0,0,0,0,0,0,80,0,37.20065,0,330,389,353.6,32.31563,1044.3,0,0,0,0,0,0,0,0,0,442,359.5,0,0,0,0,0,0,0,4,1438,0,0,-1,-1,3,20,0,0,0,0,0,0,0,0,UDP,Attack
26,17,1,2,0,802,0,401,401,401,0,0,0,0,0,802000000,2000000,1,0,1,1,1,1,0,1,1,0,0,0,0,0,0,0,0,0,0,0,2000000,0,401,401,401,0,0,0,0,0,0,0,0,0,0,0,601.5,401,0,0,0,0,0,0,0,2,802,0,0,-1,-1,1,0,0,0,0,0,0,0,0,0,UDP,Attack
27,17,1,2,0,802,0,401,401,401,0,0,0,0,0,802000000,2000000,1,0,1,1,1,1,0,1,1,0,0,0,0,0,0,0,0,0,16,0,2000000,0,401,401,401,0,0,0,0,0,0,0,0,0,0,0,601.5,401,0,0,0,0,0,0,0,2,802,0,0,-1,-1,1,8,0,0,0,0,0,0,0,0,UDP,Attack
28,17,1,2,0,766,0,383,383,383,0,0,0,0,0,766000000,2000000,1,0,1,1,1,1,0,1,1,0,0,0,0,0,0,0,0,0,40,0,2000000,0,383,383,383,0,0,0,0,0,0,0,0,0,0,0,574.5,383,0,0,0,0,0,0,0,2,766,0,0,-1,-1,1,20,0,0,0,0,0,0,0,0,UDP,Attack
29,17,985398,20,0,7242,0,401,321,362.1,30.127623,0,0,0,0,7349.3145,20.296368,51863.05,56182.785,110971,1,985398,51863.05,56182.785,110971,1,0,0,0,0,0,0,0,0,0,400,0,20.296368,0,321,401,360.14285,30.703886,942.7286,0,0,0,0,0,0,0,0,0,378.15,362.1,0,0,0,0,0,0,0,20,7242,0,0,-1,-1,19,20,0,0,0,0,0,0,0,0,UDP,Attack
30,17,218500,6,0,2088,0,393,321,348,35.08846,0,0,0,0,9556.064,27.459953,43700,59841.38,110234,1,218500,43700,59841.38,110234,1,0,0,0,0,0,0,0,0,0,120,0,27.459953,0,321,393,344.14285,33.617596,1130.1428,0,0,0,0,0,0,0,0,0,401.5,348,0,0,0,0,0,0,0,6,2088,0,0,-1,-1,5,20,0,0,0,0,0,0,0,0,UDP,Attack
31,17,2,2,0,802,0,401,401,401,0,0,0,0,0,401000000,1000000,2,0,2,2,2,2,0,2,2,0,0,0,0,0,0,0,0,0,16,0,1000000,0,401,401,401,0,0,0,0,0,0,0,0,0,0,0,601.5,401,0,0,0,0,0,0,0,2,802,0,0,-1,-1,1,8,0,0,0,0,0,0,0,0,UDP,Attack
32,17,107893,4,0,1398,0,369,330,349.5,22.51666,0,0,0,0,12957.282,37.07377,35964.332,62250.49,107845,1,107893,35964.332,62250.49,107845,1,0,0,0,0,0,0,0,0,0,32,0,37.07377,0,330,369,345.6,21.36118,456.3,0,0,0,0,0,0,0,0,0,432,349.5,0,0,0,0,0,0,0,4,1398,0,0,-1,-1,3,8,0,0,0,0,0,0,0,0,UDP,Attack
33,17,51,2,0,750,0,375,375,375,0,0,0,0,0,14705882,39215.688,51,0,51,51,51,51,0,51,51,0,0,0,0,0,0,0,0,0,40,0,39215.688,0,375,375,375,0,0,0,0,0,0,0,0,0,0,0,562.5,375,0,0,0,0,0,0,0,2,750,0,0,-1,-1,1,20,0,0,0,0,0,0,0,0,UDP,Attack
34,17,214598,6,0,2088,0,393,321,348,35.08846,0,0,0,0,9729.82,27.959253,42919.6,58795.137,109811,1,214598,42919.6,58795.137,109811,1,0,0,0,0,0,0,0,0,0,96,0,27.959253,0,321,393,344.14285,33.617596,1130.1428,0,0,0,0,0,0,0,0,0,401.5,348,0,0,0,0,0,0,0,6,2088,0,0,-1,-1,5,8,0,0,0,0,0,0,0,0,UDP,Attack
35,17,213060,6,0,2088,0,393,321,348,35.08846,0,0,0,0,9800.057,28.161081,42612,58401.617,110729,1,213060,42612,58401.617,110729,1,0,0,0,0,0,0,0,0,0,120,0,28.161081,0,321,393,344.14285,33.617596,1130.1428,0,0,0,0,0,0,0,0,0,401.5,348,0,0,0,0,0,0,0,6,2088,0,0,-1,-1,5,20,0,0,0,0,0,0,0,0,UDP,Attack
36,17,1,2,0,750,0,375,375,375,0,0,0,0,0,750000000,2000000,1,0,1,1,1,1,0,1,1,0,0,0,0,0,0,0,0,0,28,0,2000000,0,375,375,375,0,0,0,0,0,0,0,0,0,0,0,562.5,375,0,0,0,0,0,0,0,2,750,0,0,-1,-1,1,14,0,0,0,0,0,0,0,0,UDP,Attack
37,17,107482,4,0,1438,0,389,330,359.5,34.063667,0,0,0,0,13378.984,37.215534,35827.332,62052.164,107479,1,107482,35827.332,62052.164,107479,1,0,0,0,0,0,0,0,0,0,56,0,37.215534,0,330,389,353.6,32.31563,1044.3,0,0,0,0,0,0,0,0,0,442,359.5,0,0,0,0,0,0,0,4,1438,0,0,-1,-1,3,14,0,0,0,0,0,0,0,0,UDP,Attack
38,17,48,2,0,642,0,321,321,321,0,0,0,0,0,13375000,41666.668,48,0,48,48,48,48,0,48,48,0,0,0,0,0,0,0,0,0,16,0,41666.668,0,321,321,321,0,0,0,0,0,0,0,0,0,0,0,481.5,321,0,0,0,0,0,0,0,2,642,0,0,-1,-1,1,8,0,0,0,0,0,0,0,0,UDP,Attack
39,17,104404,4,0,1438,0,389,330,359.5,34.063667,0,0,0,0,13773.419,38.31271,34801.332,60235.246,104355,1,104404,34801.332,60235.246,104355,1,0,0,0,0,0,0,0,0,0,0,0,38.31271,0,330,389,353.6,32.31563,1044.3,0,0,0,0,0,0,0,0,0,442,359.5,0,0,0,0,0,0,0,4,1438,0,0,-1,-1,3,0,0,0,0,0,0,0,0,0,UDP,Attack
40,17,49,2,0,750,0,375,375,375,0,0,0,0,0,15306122,40816.33,49,0,49,49,49,49,0,49,49,0,0,0,0,0,0,0,0,0,16,0,40816.33,0,375,375,375,0,0,0,0,0,0,0,0,0,0,0,562.5,375,0,0,0,0,0,0,0,2,750,0,0,-1,-1,1,8,0,0,0,0,0,0,0,0,UDP,Attack
41,17,105718,4,0,1398,0,369,330,349.5,22.51666,0,0,0,0,13223.859,37.83651,35239.332,61034.582,105716,1,105718,35239.332,61034.582,105716,1,0,0,0,0,0,0,0,0,0,32,0,37.83651,0,330,369,345.6,21.36118,456.3,0,0,0,0,0,0,0,0,0,432,349.5,0,0,0,0,0,0,0,4,1398,0,0,-1,-1,3,8,0,0,0,0,0,0,0,0,UDP,Attack
42,17,212799,6,0,2088,0,393,321,348,35.08846,0,0,0,0,9812.076,28.195621,42559.8,58331.023,109979,1,212799,42559.8,58331.023,109979,1,0,0,0,0,0,0,0,0,0,120,0,28.195621,0,321,393,344.14285,33.617596,1130.1428,0,0,0,0,0,0,0,0,0,401.5,348,0,0,0,0,0,0,0,6,2088,0,0,-1,-1,5,20,0,0,0,0,0,0,0,0,UDP,Attack
43,17,106172,4,0,1398,0,369,330,349.5,22.51666,0,0,0,0,13167.313,37.674717,35390.668,61295.836,106169,1,106172,35390.668,61295.836,106169,1,0,0,0,0,0,0,0,0,0,-4,0,37.674717,0,330,369,345.6,21.36118,456.3,0,0,0,0,0,0,0,0,0,432,349.5,0,0,0,0,0,0,0,4,1398,0,0,-1,-1,3,-1,0,0,0,0,0,0,0,0,UDP,Attack
44,17,107699,4,0,1438,0,389,330,359.5,34.063667,0,0,0,0,13352.027,37.14055,35899.668,62178.316,107697,1,107699,35899.668,62178.316,107697,1,0,0,0,0,0,0,0,0,0,56,0,37.14055,0,330,389,353.6,32.31563,1044.3,0,0,0,0,0,0,0,0,0,442,359.5,0,0,0,0,0,0,0,4,1438,0,0,-1,-1,3,8,0,0,0,0,0,0,0,0,UDP,Attack
45,17,1,2,0,670,0,335,335,335,0,0,0,0,0,670000000,2000000,1,0,1,1,1,1,0,1,1,0,0,0,0,0,0,0,0,0,16,0,2000000,0,335,335,335,0,0,0,0,0,0,0,0,0,0,0,502.5,335,0,0,0,0,0,0,0,2,670,0,0,-1,-1,1,8,0,0,0,0,0,0,0,0,UDP,Attack
46,17,105362,4,0,1438,0,389,330,359.5,34.063667,0,0,0,0,13648.185,37.96435,35120.668,60827.316,105358,1,105362,35120.668,60827.316,105358,1,0,0,0,0,0,0,0,0,0,80,0,37.96435,0,330,389,353.6,32.31563,1044.3,0,0,0,0,0,0,0,0,0,442,359.5,0,0,0,0,0,0,0,4,1438,0,0,-1,-1,3,20,0,0,0,0,0,0,0,0,UDP,Attack
47,17,214771,6,0,2088,0,393,321,348,35.08846,0,0,0,0,9721.983,27.936733,42954.2,58845.535,110036,1,214771,42954.2,58845.535,110036,1,0,0,0,0,0,0,0,0,0,-6,0,27.936733,0,321,393,344.14285,33.617596,1130.1428,0,0,0,0,0,0,0,0,0,401.5,348,0,0,0,0,0,0,0,6,2088,0,0,-1,-1,5,-1,0,0,0,0,0,0,0,0,UDP,Attack
48,17,107929,4,0,1438,0,389,330,359.5,34.063667,0,0,0,0,13323.574,37.0614,35976.332,62311.105,107927,1,107929,35976.332,62311.105,107927,1,0,0,0,0,0,0,0,0,0,80,0,37.0614,0,330,389,353.6,32.31563,1044.3,0,0,0,0,0,0,0,0,0,442,359.5,0,0,0,0,0,0,0,4,1438,0,0,-1,-1,3,20,0,0,0,0,0,0,0,0,UDP,Attack
49,17,1,2,0,796,0,398,398,398,0,0,0,0,0,796000000,2000000,1,0,1,1,1,1,0,1,1,0,0,0,0,0,0,0,0,0,40,0,2000000,0,398,398,398,0,0,0,0,0,0,0,0,0,0,0,597,398,0,0,0,0,0,0,0,2,796,0,0,-1,-1,1,20,0,0,0,0,0,0,0,0,UDP,Attack
50,17,108676,4,0,1398,0,369,330,349.5,22.51666,0,0,0,0,12863.926,36.806656,36225.332,62742.387,108674,1,108676,36225.332,62742.387,108674,1,0,0,0,0,0,0,0,0,0,80,0,36.806656,0,330,369,345.6,21.36118,456.3,0,0,0,0,0,0,0,0,0,432,349.5,0,0,0,0,0,0,0,4,1398,0,0,-1,-1,3,20,0,0,0,0,0,0,0,0,UDP,Attack
51,17,106092,4,0,1438,0,389,330,359.5,34.063667,0,0,0,0,13554.273,37.703125,35364,61250.51,106090,1,106092,35364,61250.51,106090,1,0,0,0,0,0,0,0,0,0,-2125437904,0,37.703125,0,330,389,353.6,32.31563,1044.3,0,0,0,0,0,0,0,0,0,442,359.5,0,0,0,0,0,0,0,4,1438,0,0,-1,-1,3,-1062718972,0,0,0,0,0,0,0,0,UDP,Attack
52,17,46,2,0,884,0,442,442,442,0,0,0,0,0,19217392,43478.26,46,0,46,46,46,46,0,46,46,0,0,0,0,0,0,0,0,0,0,0,43478.26,0,442,442,442,0,0,0,0,0,0,0,0,0,0,0,663,442,0,0,0,0,0,0,0,2,884,0,0,-1,-1,1,0,0,0,0,0,0,0,0,0,UDP,Attack
53,17,48,2,0,766,0,383,383,383,0,0,0,0,0,15958333,41666.668,48,0,48,48,48,48,0,48,48,0,0,0,0,0,0,0,0,0,64,0,41666.668,0,383,383,383,0,0,0,0,0,0,0,0,0,0,0,574.5,383,0,0,0,0,0,0,0,2,766,0,0,-1,-1,1,32,0,0,0,0,0,0,0,0,UDP,Attack
54,17,217925,6,0,2088,0,393,321,348,35.08846,0,0,0,0,9581.278,27.532408,43585,59661.734,109943,1,217925,43585,59661.734,109943,1,0,0,0,0,0,0,0,0,0,48,0,27.532408,0,321,393,344.14285,33.617596,1130.1428,0,0,0,0,0,0,0,0,0,401.5,348,0,0,0,0,0,0,0,6,2088,0,0,-1,-1,5,8,0,0,0,0,0,0,0,0,UDP,Attack
55,17,44,2,0,802,0,401,401,401,0,0,0,0,0,18227272,45454.547,44,0,44,44,44,44,0,44,44,0,0,0,0,0,0,0,0,0,40,0,45454.547,0,401,401,401,0,0,0,0,0,0,0,0,0,0,0,601.5,401,0,0,0,0,0,0,0,2,802,0,0,-1,-1,1,20,0,0,0,0,0,0,0,0,UDP,Attack
56,17,216636,6,0,2088,0,393,321,348,35.08846,0,0,0,0,9638.287,27.696228,43327.2,59336.637,109841,0,216636,43327.2,59336.637,109841,0,0,0,0,0,0,0,0,0,0,-6,0,27.696228,0,321,393,344.14285,33.617596,1130.1428,0,0,0,0,0,0,0,0,0,401.5,348,0,0,0,0,0,0,0,6,2088,0,0,-1,-1,5,-1,0,0,0,0,0,0,0,0,UDP,Attack
57,17,1,2,0,750,0,375,375,375,0,0,0,0,0,750000000,2000000,1,0,1,1,1,1,0,1,1,0,0,0,0,0,0,0,0,0,16,0,2000000,0,375,375,375,0,0,0,0,0,0,0,0,0,0,0,562.5,375,0,0,0,0,0,0,0,2,750,0,0,-1,-1,1,8,0,0,0,0,0,0,0,0,UDP,Attack
58,17,210904,6,0,2088,0,393,321,348,35.08846,0,0,0,0,9900.239,28.448963,42180.8,57855.41,110219,1,210904,42180.8,57855.41,110219,1,0,0,0,0,0,0,0,0,0,120,0,28.448963,0,321,393,344.14285,33.617596,1130.1428,0,0,0,0,0,0,0,0,0,401.5,348,0,0,0,0,0,0,0,6,2088,0,0,-1,-1,5,20,0,0,0,0,0,0,0,0,UDP,Attack
59,17,212413,6,0,2088,0,393,321,348,35.08846,0,0,0,0,9829.907,28.246859,42482.6,58201.535,109682,1,212413,42482.6,58201.535,109682,1,0,0,0,0,0,0,0,0,0,48,0,28.246859,0,321,393,344.14285,33.617596,1130.1428,0,0,0,0,0,0,0,0,0,401.5,348,0,0,0,0,0,0,0,6,2088,0,0,-1,-1,5,8,0,0,0,0,0,0,0,0,UDP,Attack
60,17,107877,4,0,1398,0,369,330,349.5,22.51666,0,0,0,0,12959.203,37.079266,35959,62281.082,107875,1,107877,35959,62281.082,107875,1,0,0,0,0,0,0,0,0,0,80,0,37.079266,0,330,369,345.6,21.36118,456.3,0,0,0,0,0,0,0,0,0,432,349.5,0,0,0,0,0,0,0,4,1398,0,0,-1,-1,3,20,0,0,0,0,0,0,0,0,UDP,Attack
61,17,218248,6,0,2088,0,393,321,348,35.08846,0,0,0,0,9567.098,27.491661,43649.6,59797.273,112586,1,218248,43649.6,59797.273,112586,1,0,0,0,0,0,0,0,0,0,120,0,27.491661,0,321,393,344.14285,33.617596,1130.1428,0,0,0,0,0,0,0,0,0,401.5,348,0,0,0,0,0,0,0,6,2088,0,0,-1,-1,5,20,0,0,0,0,0,0,0,0,UDP,Attack
62,17,106886,4,0,1438,0,389,330,359.5,34.063667,0,0,0,0,13453.586,37.42305,35628.668,61669.96,106839,1,106886,35628.668,61669.96,106839,1,0,0,0,0,0,0,0,0,0,80,0,37.42305,0,330,389,353.6,32.31563,1044.3,0,0,0,0,0,0,0,0,0,442,359.5,0,0,0,0,0,0,0,4,1438,0,0,-1,-1,3,20,0,0,0,0,0,0,0,0,UDP,Attack
63,17,47,2,0,766,0,383,383,383,0,0,0,0,0,16297872,42553.19,47,0,47,47,47,47,0,47,47,0,0,0,0,0,0,0,0,0,0,0,42553.19,0,383,383,383,0,0,0,0,0,0,0,0,0,0,0,574.5,383,0,0,0,0,0,0,0,2,766,0,0,-1,-1,1,0,0,0,0,0,0,0,0,0,UDP,Attack
64,17,214950,6,0,2088,0,393,321,348,35.08846,0,0,0,0,9713.887,27.913467,42990,58872.13,109998,1,214950,42990,58872.13,109998,1,0,0,0,0,0,0,0,0,0,48,0,27.913467,0,321,393,344.14285,33.617596,1130.1428,0,0,0,0,0,0,0,0,0,401.5,348,0,0,0,0,0,0,0,6,2088,0,0,-1,-1,5,8,0,0,0,0,0,0,0,0,UDP,Attack
65,17,48,2,0,750,0,375,375,375,0,0,0,0,0,15625000,41666.668,48,0,48,48,48,48,0,48,48,0,0,0,0,0,0,0,0,0,16,0,41666.668,0,375,375,375,0,0,0,0,0,0,0,0,0,0,0,562.5,375,0,0,0,0,0,0,0,2,750,0,0,-1,-1,1,8,0,0,0,0,0,0,0,0,UDP,Attack
66,17,239027,6,0,2054,0,374,322,342.33334,24.856924,0,0,0,0,8593.172,25.101767,47805.4,65459.453,119902,1,239027,47805.4,65459.453,119902,1,0,0,0,0,0,0,0,0,0,120,0,25.101767,0,322,374,339.42856,23.957304,573.9524,0,0,0,0,0,0,0,0,0,396,342.33334,0,0,0,0,0,0,0,6,2054,0,0,-1,-1,5,20,0,0,0,0,0,0,0,0,UDP,Attack
67,17,217535,6,0,2088,0,393,321,348,35.08846,0,0,0,0,9598.455,27.581768,43507,59580.29,110080,0,217535,43507,59580.29,110080,0,0,0,0,0,0,0,0,0,0,120,0,27.581768,0,321,393,344.14285,33.617596,1130.1428,0,0,0,0,0,0,0,0,0,401.5,348,0,0,0,0,0,0,0,6,2088,0,0,-1,-1,5,20,0,0,0,0,0,0,0,0,UDP,Attack
68,17,107068,4,0,1438,0,389,330,359.5,34.063667,0,0,0,0,13430.717,37.359436,35689.332,61814.008,107066,1,107068,35689.332,61814.008,107066,1,0,0,0,0,0,0,0,0,0,-4,0,37.359436,0,330,389,353.6,32.31563,1044.3,0,0,0,0,0,0,0,0,0,442,359.5,0,0,0,0,0,0,0,4,1438,0,0,-1,-1,3,-1,0,0,0,0,0,0,0,0,UDP,Attack
69,17,1,2,0,766,0,383,383,383,0,0,0,0,0,766000000,2000000,1,0,1,1,1,1,0,1,1,0,0,0,0,0,0,0,0,0,64,0,2000000,0,383,383,383,0,0,0,0,0,0,0,0,0,0,0,574.5,383,0,0,0,0,0,0,0,2,766,0,0,-1,-1,1,32,0,0,0,0,0,0,0,0,UDP,Attack
70,17,1,2,0,970,0,485,485,485,0,0,0,0,0,970000000,2000000,1,0,1,1,1,1,0,1,1,0,0,0,0,0,0,0,0,0,40,0,2000000,0,485,485,485,0,0,0,0,0,0,0,0,0,0,0,727.5,485,0,0,0,0,0,0,0,2,970,0,0,-1,-1,1,20,0,0,0,0,0,0,0,0,UDP,Attack
71,17,1,2,0,802,0,401,401,401,0,0,0,0,0,802000000,2000000,1,0,1,1,1,1,0,1,1,0,0,0,0,0,0,0,0,0,-2125437944,0,2000000,0,401,401,401,0,0,0,0,0,0,0,0,0,0,0,601.5,401,0,0,0,0,0,0,0,2,802,0,0,-1,-1,1,-1062718972,0,0,0,0,0,0,0,0,UDP,Attack
72,17,217276,6,0,2088,0,393,321,348,35.08846,0,0,0,0,9609.897,27.614647,43455.2,59483.33,109591,2,217276,43455.2,59483.33,109591,2,0,0,0,0,0,0,0,0,0,84,0,27.614647,0,321,393,344.14285,33.617596,1130.1428,0,0,0,0,0,0,0,0,0,401.5,348,0,0,0,0,0,0,0,6,2088,0,0,-1,-1,5,14,0,0,0,0,0,0,0,0,UDP,Attack
73,17,107543,4,0,1438,0,389,330,359.5,34.063667,0,0,0,0,13371.3955,37.194424,35847.668,62087.383,107540,1,107543,35847.668,62087.383,107540,1,0,0,0,0,0,0,0,0,0,0,0,37.194424,0,330,389,353.6,32.31563,1044.3,0,0,0,0,0,0,0,0,0,442,359.5,0,0,0,0,0,0,0,4,1438,0,0,-1,-1,3,0,0,0,0,0,0,0,0,0,UDP,Attack
74,17,48,2,0,750,0,375,375,375,0,0,0,0,0,15625000,41666.668,48,0,48,48,48,48,0,48,48,0,0,0,0,0,0,0,0,0,40,0,41666.668,0,375,375,375,0,0,0,0,0,0,0,0,0,0,0,562.5,375,0,0,0,0,0,0,0,2,750,0,0,-1,-1,1,20,0,0,0,0,0,0,0,0,UDP,Attack
75,17,217175,6,0,2088,0,393,321,348,35.08846,0,0,0,0,9614.366,27.62749,43435,59481.426,109874,1,217175,43435,59481.426,109874,1,0,0,0,0,0,0,0,0,0,48,0,27.62749,0,321,393,344.14285,33.617596,1130.1428,0,0,0,0,0,0,0,0,0,401.5,348,0,0,0,0,0,0,0,6,2088,0,0,-1,-1,5,8,0,0,0,0,0,0,0,0,UDP,Attack
76,17,218565,6,0,2088,0,393,321,348,35.08846,0,0,0,0,9553.222,27.451788,43713,59855.31,109493,1,218565,43713,59855.31,109493,1,0,0,0,0,0,0,0,0,0,120,0,27.451788,0,321,393,344.14285,33.617596,1130.1428,0,0,0,0,0,0,0,0,0,401.5,348,0,0,0,0,0,0,0,6,2088,0,0,-1,-1,5,20,0,0,0,0,0,0,0,0,UDP,Attack
77,17,215711,6,0,2088,0,393,321,348,35.08846,0,0,0,0,9679.617,27.814993,43142.2,59076.98,108758,1,215711,43142.2,59076.98,108758,1,0,0,0,0,0,0,0,0,0,48,0,27.814993,0,321,393,344.14285,33.617596,1130.1428,0,0,0,0,0,0,0,0,0,401.5,348,0,0,0,0,0,0,0,6,2088,0,0,-1,-1,5,8,0,0,0,0,0,0,0,0,UDP,Attack
78,17,213490,6,0,2088,0,393,321,348,35.08846,0,0,0,0,9780.317,28.10436,42698,58487.4,109896,1,213490,42698,58487.4,109896,1,0,0,0,0,0,0,0,0,0,96,0,28.10436,0,321,393,344.14285,33.617596,1130.1428,0,0,0,0,0,0,0,0,0,401.5,348,0,0,0,0,0,0,0,6,2088,0,0,-1,-1,5,8,0,0,0,0,0,0,0,0,UDP,Attack
79,17,214232,6,0,2088,0,393,321,348,35.08846,0,0,0,0,9746.443,28.00702,42846.4,58696.875,110496,1,214232,42846.4,58696.875,110496,1,0,0,0,0,0,0,0,0,0,80,0,28.00702,0,321,393,344.14285,33.617596,1130.1428,0,0,0,0,0,0,0,0,0,401.5,348,0,0,0,0,0,0,0,6,2088,0,0,-1,-1,5,0,0,0,0,0,0,0,0,0,UDP,Attack
80,17,49,2,0,750,0,375,375,375,0,0,0,0,0,15306122,40816.33,49,0,49,49,49,49,0,49,49,0,0,0,0,0,0,0,0,0,40,0,40816.33,0,375,375,375,0,0,0,0,0,0,0,0,0,0,0,562.5,375,0,0,0,0,0,0,0,2,750,0,0,-1,-1,1,20,0,0,0,0,0,0,0,0,UDP,Attack
81,17,213217,6,0,2088,0,393,321,348,35.08846,0,0,0,0,9792.84,28.140345,42643.4,58424.445,109441,1,213217,42643.4,58424.445,109441,1,0,0,0,0,0,0,0,0,0,48,0,28.140345,0,321,393,344.14285,33.617596,1130.1428,0,0,0,0,0,0,0,0,0,401.5,348,0,0,0,0,0,0,0,6,2088,0,0,-1,-1,5,8,0,0,0,0,0,0,0,0,UDP,Attack
82,17,46,2,0,1356,0,678,678,678,0,0,0,0,0,29478260,43478.26,46,0,46,46,46,46,0,46,46,0,0,0,0,0,0,0,0,0,40,0,43478.26,0,678,678,678,0,0,0,0,0,0,0,0,0,0,0,1017,678,0,0,0,0,0,0,0,2,1356,0,0,-1,-1,1,20,0,0,0,0,0,0,0,0,MSSQL,Attack
83,17,988707,20,0,7242,0,401,321,362.1,30.127623,0,0,0,0,7324.7183,20.22844,52037.21,56351.996,110515,0,988707,52037.21,56351.996,110515,0,0,0,0,0,0,0,0,0,0,280,0,20.22844,0,321,401,360.14285,30.703886,942.7286,0,0,0,0,0,0,0,0,0,378.15,362.1,0,0,0,0,0,0,0,20,7242,0,0,-1,-1,19,14,0,0,0,0,0,0,0,0,UDP,Attack
84,17,105372,4,0,1438,0,389,330,359.5,34.063667,0,0,0,0,13646.889,37.960747,35124,60794.99,105324,1,105372,35124,60794.99,105324,1,0,0,0,0,0,0,0,0,0,80,0,37.960747,0,330,389,353.6,32.31563,1044.3,0,0,0,0,0,0,0,0,0,442,359.5,0,0,0,0,0,0,0,4,1438,0,0,-1,-1,3,20,0,0,0,0,0,0,0,0,UDP,Attack
85,17,248173,6,0,2054,0,374,322,342.33334,24.856924,0,0,0,0,8276.484,24.176683,49634.6,67978.37,127199,1,248173,49634.6,67978.37,127199,1,0,0,0,0,0,0,0,0,0,80,0,24.176683,0,322,374,339.42856,23.957304,573.9524,0,0,0,0,0,0,0,0,0,396,342.33334,0,0,0,0,0,0,0,6,2054,0,0,-1,-1,5,0,0,0,0,0,0,0,0,0,UDP,Attack
86,17,1,2,0,776,0,388,388,388,0,0,0,0,0,776000000,2000000,1,0,1,1,1,1,0,1,1,0,0,0,0,0,0,0,0,0,40,0,2000000,0,388,388,388,0,0,0,0,0,0,0,0,0,0,0,582,388,0,0,0,0,0,0,0,2,776,0,0,-1,-1,1,20,0,0,0,0,0,0,0,0,UDP,Attack
87,17,215681,6,0,2088,0,393,321,348,35.08846,0,0,0,0,9680.964,27.818863,43136.2,59065.418,110025,0,215681,43136.2,59065.418,110025,0,0,0,0,0,0,0,0,0,0,72,0,27.818863,0,321,393,344.14285,33.617596,1130.1428,0,0,0,0,0,0,0,0,0,401.5,348,0,0,0,0,0,0,0,6,2088,0,0,-1,-1,5,8,0,0,0,0,0,0,0,0,UDP,Attack
88,17,3,2,0,1000,0,500,500,500,0,0,0,0,0,333333340,666666.7,3,0,3,3,3,3,0,3,3,0,0,0,0,0,0,0,0,0,64,0,666666.7,0,500,500,500,0,0,0,0,0,0,0,0,0,0,0,750,500,0,0,0,0,0,0,0,2,1000,0,0,-1,-1,1,32,0,0,0,0,0,0,0,0,UDP,Attack
89,17,1,2,0,766,0,383,383,383,0,0,0,0,0,766000000,2000000,1,0,1,1,1,1,0,1,1,0,0,0,0,0,0,0,0,0,28,0,2000000,0,383,383,383,0,0,0,0,0,0,0,0,0,0,0,574.5,383,0,0,0,0,0,0,0,2,766,0,0,-1,-1,1,14,0,0,0,0,0,0,0,0,UDP,Attack
90,17,1,2,0,750,0,375,375,375,0,0,0,0,0,750000000,2000000,1,0,1,1,1,1,0,1,1,0,0,0,0,0,0,0,0,0,-2,0,2000000,0,375,375,375,0,0,0,0,0,0,0,0,0,0,0,562.5,375,0,0,0,0,0,0,0,2,750,0,0,-1,-1,1,-1,0,0,0,0,0,0,0,0,UDP,Attack
91,17,2,2,0,766,0,383,383,383,0,0,0,0,0,383000000,1000000,2,0,2,2,2,2,0,2,2,0,0,0,0,0,0,0,0,0,28,0,1000000,0,383,383,383,0,0,0,0,0,0,0,0,0,0,0,574.5,383,0,0,0,0,0,0,0,2,766,0,0,-1,-1,1,14,0,0,0,0,0,0,0,0,UDP,Attack
92,17,108237,4,0,1398,0,369,330,349.5,22.51666,0,0,0,0,12916.101,36.95594,36079,62488.93,108235,1,108237,36079,62488.93,108235,1,0,0,0,0,0,0,0,0,0,32,0,36.95594,0,330,369,345.6,21.36118,456.3,0,0,0,0,0,0,0,0,0,432,349.5,0,0,0,0,0,0,0,4,1398,0,0,-1,-1,3,8,0,0,0,0,0,0,0,0,UDP,Attack
93,17,107967,4,0,1398,0,369,330,349.5,22.51666,0,0,0,0,12948.401,37.04836,35989,62333.043,107965,1,107967,35989,62333.043,107965,1,0,0,0,0,0,0,0,0,0,80,0,37.04836,0,330,369,345.6,21.36118,456.3,0,0,0,0,0,0,0,0,0,432,349.5,0,0,0,0,0,0,0,4,1398,0,0,-1,-1,3,20,0,0,0,0,0,0,0,0,UDP,Attack
94,17,1,2,0,660,0,330,330,330,0,0,0,0,0,660000000,2000000,1,0,1,1,1,1,0,1,1,0,0,0,0,0,0,0,0,0,16,0,2000000,0,330,330,330,0,0,0,0,0,0,0,0,0,0,0,495,330,0,0,0,0,0,0,0,2,660,0,0,-1,-1,1,8,0,0,0,0,0,0,0,0,UDP,Attack
95,17,215711,6,0,2088,0,393,321,348,35.08846,0,0,0,0,9679.617,27.814993,43142.2,59105.68,110630,1,215711,43142.2,59105.68,110630,1,0,0,0,0,0,0,0,0,0,84,0,27.814993,0,321,393,344.14285,33.617596,1130.1428,0,0,0,0,0,0,0,0,0,401.5,348,0,0,0,0,0,0,0,6,2088,0,0,-1,-1,5,14,0,0,0,0,0,0,0,0,UDP,Attack
96,17,109219,4,0,1398,0,369,330,349.5,22.51666,0,0,0,0,12799.971,36.623665,36406.332,63055.887,109217,1,109219,36406.332,63055.887,109217,1,0,0,0,0,0,0,0,0,0,32,0,36.623665,0,330,369,345.6,21.36118,456.3,0,0,0,0,0,0,0,0,0,432,349.5,0,0,0,0,0,0,0,4,1398,0,0,-1,-1,3,8,0,0,0,0,0,0,0,0,UDP,Attack
97,17,2,2,0,750,0,375,375,375,0,0,0,0,0,375000000,1000000,2,0,2,2,2,2,0,2,2,0,0,0,0,0,0,0,0,0,0,0,1000000,0,375,375,375,0,0,0,0,0,0,0,0,0,0,0,562.5,375,0,0,0,0,0,0,0,2,750,0,0,-1,-1,1,0,0,0,0,0,0,0,0,0,UDP,Attack
98,17,1,2,0,1366,0,683,683,683,0,0,0,0,0,1366000000,2000000,1,0,1,1,1,1,0,1,1,0,0,0,0,0,0,0,0,0,858,0,2000000,0,683,683,683,0,0,0,0,0,0,0,0,0,0,0,1024.5,683,0,0,0,0,0,0,0,2,1366,0,0,-1,-1,1,429,0,0,0,0,0,0,0,0,MSSQL,Attack
99,17,211839,6,0,2088,0,393,321,348,35.08846,0,0,0,0,9856.542,28.323397,42367.8,58065.363,109968,0,211839,42367.8,58065.363,109968,0,0,0,0,0,0,0,0,0,0,48,0,28.323397,0,321,393,344.14285,33.617596,1130.1428,0,0,0,0,0,0,0,0,0,401.5,348,0,0,0,0,0,0,0,6,2088,0,0,-1,-1,5,8,0,0,0,0,0,0,0,0,UDP,Attack
100,17,986469,20,0,7242,0,401,321,362.1,30.127623,0,0,0,0,7341.3354,20.274332,51919.42,56236.348,111188,1,986469,51919.42,56236.348,111188,1,0,0,0,0,0,0,0,0,0,320,0,20.274332,0,321,401,360.14285,30.703886,942.7286,0,0,0,0,0,0,0,0,0,378.15,362.1,0,0,0,0,0,0,0,20,7242,0,0,-1,-1,19,0,0,0,0,0,0,0,0,0,UDP,Attack
101,17,213826,6,0,2088,0,393,321,348,35.08846,0,0,0,0,9764.949,28.060198,42765.2,58599.09,110041,1,213826,42765.2,58599.09,110041,1,0,0,0,0,0,0,0,0,0,0,0,28.060198,0,321,393,344.14285,33.617596,1130.1428,0,0,0,0,0,0,0,0,0,401.5,348,0,0,0,0,0,0,0,6,2088,0,0,-1,-1,5,0,0,0,0,0,0,0,0,0,UDP,Attack
102,17,218908,6,0,2088,0,393,321,348,35.08846,0,0,0,0,9538.254,27.408775,43781.6,59930.05,110120,0,218908,43781.6,59930.05,110120,0,0,0,0,0,0,0,0,0,0,120,0,27.408775,0,321,393,344.14285,33.617596,1130.1428,0,0,0,0,0,0,0,0,0,401.5,348,0,0,0,0,0,0,0,6,2088,0,0,-1,-1,5,20,0,0,0,0,0,0,0,0,UDP,Attack
103,17,108551,4,0,1398,0,369,330,349.5,22.51666,0,0,0,0,12878.739,36.849037,36183.668,62670.22,108549,1,108551,36183.668,62670.22,108549,1,0,0,0,0,0,0,0,0,0,32,0,36.849037,0,330,369,345.6,21.36118,456.3,0,0,0,0,0,0,0,0,0,432,349.5,0,0,0,0,0,0,0,4,1398,0,0,-1,-1,3,8,0,0,0,0,0,0,0,0,UDP,Attack
104,17,48,2,0,750,0,375,375,375,0,0,0,0,0,15625000,41666.668,48,0,48,48,48,48,0,48,48,0,0,0,0,0,0,0,0,0,64,0,41666.668,0,375,375,375,0,0,0,0,0,0,0,0,0,0,0,562.5,375,0,0,0,0,0,0,0,2,750,0,0,-1,-1,1,32,0,0,0,0,0,0,0,0,UDP,Attack
105,17,1,2,0,972,0,486,486,486,0,0,0,0,0,972000000,2000000,1,0,1,1,1,1,0,1,1,0,0,0,0,0,0,0,0,0,40,0,2000000,0,486,486,486,0,0,0,0,0,0,0,0,0,0,0,729,486,0,0,0,0,0,0,0,2,972,0,0,-1,-1,1,20,0,0,0,0,0,0,0,0,UDP,Attack
106,17,105710,4,0,1438,0,389,330,359.5,34.063667,0,0,0,0,13603.254,37.83937,35236.668,61029.965,105708,1,105710,35236.668,61029.965,105708,1,0,0,0,0,0,0,0,0,0,104,0,37.83937,0,330,389,353.6,32.31563,1044.3,0,0,0,0,0,0,0,0,0,442,359.5,0,0,0,0,0,0,0,4,1438,0,0,-1,-1,3,20,0,0,0,0,0,0,0,0,UDP,Attack
107,17,221459,6,0,2088,0,393,321,348,35.08846,0,0,0,0,9428.382,27.093052,44291.8,60605.938,110929,1,221459,44291.8,60605.938,110929,1,0,0,0,0,0,0,0,0,0,120,0,27.093052,0,321,393,344.14285,33.617596,1130.1428,0,0,0,0,0,0,0,0,0,401.5,348,0,0,0,0,0,0,0,6,2088,0,0,-1,-1,5,20,0,0,0,0,0,0,0,0,UDP,Attack
108,17,214017,6,0,2088,0,393,321,348,35.08846,0,0,0,0,9756.234,28.035156,42803.4,58628.184,109961,1,214017,42803.4,58628.184,109961,1,0,0,0,0,0,0,0,0,0,-6,0,28.035156,0,321,393,344.14285,33.617596,1130.1428,0,0,0,0,0,0,0,0,0,401.5,348,0,0,0,0,0,0,0,6,2088,0,0,-1,-1,5,-1,0,0,0,0,0,0,0,0,UDP,Attack
109,17,211625,6,0,2088,0,393,321,348,35.08846,0,0,0,0,9866.509,28.352037,42325,58007.66,109336,1,211625,42325,58007.66,109336,1,0,0,0,0,0,0,0,0,0,-6,0,28.352037,0,321,393,344.14285,33.617596,1130.1428,0,0,0,0,0,0,0,0,0,401.5,348,0,0,0,0,0,0,0,6,2088,0,0,-1,-1,5,-1,0,0,0,0,0,0,0,0,UDP,Attack
110,17,1,2,0,802,0,401,401,401,0,0,0,0,0,802000000,2000000,1,0,1,1,1,1,0,1,1,0,0,0,0,0,0,0,0,0,28,0,2000000,0,401,401,401,0,0,0,0,0,0,0,0,0,0,0,601.5,401,0,0,0,0,0,0,0,2,802,0,0,-1,-1,1,14,0,0,0,0,0,0,0,0,UDP,Attack
111,17,219364,6,0,2088,0,393,321,348,35.08846,0,0,0,0,9518.426,27.351799,43872.8,60080.82,111008,1,219364,43872.8,60080.82,111008,1,0,0,0,0,0,0,0,0,0,72,0,27.351799,0,321,393,344.14285,33.617596,1130.1428,0,0,0,0,0,0,0,0,0,401.5,348,0,0,0,0,0,0,0,6,2088,0,0,-1,-1,5,8,0,0,0,0,0,0,0,0,UDP,Attack
112,17,214837,6,0,2088,0,393,321,348,35.08846,0,0,0,0,9718.996,27.92815,42967.4,58837.734,109754,1,214837,42967.4,58837.734,109754,1,0,0,0,0,0,0,0,0,0,-6,0,27.92815,0,321,393,344.14285,33.617596,1130.1428,0,0,0,0,0,0,0,0,0,401.5,348,0,0,0,0,0,0,0,6,2088,0,0,-1,-1,5,-1,0,0,0,0,0,0,0,0,UDP,Attack
113,17,46,2,0,766,0,383,383,383,0,0,0,0,0,16652174,43478.26,46,0,46,46,46,46,0,46,46,0,0,0,0,0,0,0,0,0,40,0,43478.26,0,383,383,383,0,0,0,0,0,0,0,0,0,0,0,574.5,383,0,0,0,0,0,0,0,2,766,0,0,-1,-1,1,20,0,0,0,0,0,0,0,0,UDP,Attack
114,17,213728,6,0,2088,0,393,321,348,35.08846,0,0,0,0,9769.427,28.073065,42745.6,58568.477,109864,1,213728,42745.6,58568.477,109864,1,0,0,0,0,0,0,0,0,0,0,0,28.073065,0,321,393,344.14285,33.617596,1130.1428,0,0,0,0,0,0,0,0,0,401.5,348,0,0,0,0,0,0,0,6,2088,0,0,-1,-1,5,0,0,0,0,0,0,0,0,0,UDP,Attack
115,17,45,2,0,802,0,401,401,401,0,0,0,0,0,17822222,44444.445,45,0,45,45,45,45,0,45,45,0,0,0,0,0,0,0,0,0,16,0,44444.445,0,401,401,401,0,0,0,0,0,0,0,0,0,0,0,601.5,401,0,0,0,0,0,0,0,2,802,0,0,-1,-1,1,8,0,0,0,0,0,0,0,0,UDP,Attack
116,17,106831,4,0,1438,0,389,330,359.5,34.063667,0,0,0,0,13460.513,37.442314,35610.332,61677.176,106829,1,106831,35610.332,61677.176,106829,1,0,0,0,0,0,0,0,0,0,80,0,37.442314,0,330,389,353.6,32.31563,1044.3,0,0,0,0,0,0,0,0,0,442,359.5,0,0,0,0,0,0,0,4,1438,0,0,-1,-1,3,20,0,0,0,0,0,0,0,0,UDP,Attack
117,17,49,2,0,642,0,321,321,321,0,0,0,0,0,13102041,40816.33,49,0,49,49,49,49,0,49,49,0,0,0,0,0,0,0,0,0,40,0,40816.33,0,321,321,321,0,0,0,0,0,0,0,0,0,0,0,481.5,321,0,0,0,0,0,0,0,2,642,0,0,-1,-1,1,20,0,0,0,0,0,0,0,0,UDP,Attack
118,17,107674,4,0,1438,0,389,330,359.5,34.063667,0,0,0,0,13355.128,37.149174,35891.332,62124.047,107626,0,107674,35891.332,62124.047,107626,0,0,0,0,0,0,0,0,0,0,32,0,37.149174,0,330,389,353.6,32.31563,1044.3,0,0,0,0,0,0,0,0,0,442,359.5,0,0,0,0,0,0,0,4,1438,0,0,-1,-1,3,8,0,0,0,0,0,0,0,0,UDP,Attack
119,17,44,2,0,766,0,383,383,383,0,0,0,0,0,17409090,45454.547,44,0,44,44,44,44,0,44,44,0,0,0,0,0,0,0,0,0,0,0,45454.547,0,383,383,383,0,0,0,0,0,0,0,0,0,0,0,574.5,383,0,0,0,0,0,0,0,2,766,0,0,-1,-1,1,0,0,0,0,0,0,0,0,0,UDP,Attack
120,17,1,2,0,802,0,401,401,401,0,0,0,0,0,802000000,2000000,1,0,1,1,1,1,0,1,1,0,0,0,0,0,0,0,0,0,64,0,2000000,0,401,401,401,0,0,0,0,0,0,0,0,0,0,0,601.5,401,0,0,0,0,0,0,0,2,802,0,0,-1,-1,1,32,0,0,0,0,0,0,0,0,UDP,Attack
121,17,217212,6,0,2088,0,393,321,348,35.08846,0,0,0,0,9612.729,27.622784,43442.4,59473.598,110124,1,217212,43442.4,59473.598,110124,1,0,0,0,0,0,0,0,0,0,48,0,27.622784,0,321,393,344.14285,33.617596,1130.1428,0,0,0,0,0,0,0,0,0,401.5,348,0,0,0,0,0,0,0,6,2088,0,0,-1,-1,5,8,0,0,0,0,0,0,0,0,UDP,Attack
122,17,237296,6,0,2054,0,374,322,342.33334,24.856924,0,0,0,0,8655.856,25.284876,47459.2,64992.54,120104,1,237296,47459.2,64992.54,120104,1,0,0,0,0,0,0,0,0,0,-6,0,25.284876,0,322,374,339.42856,23.957304,573.9524,0,0,0,0,0,0,0,0,0,396,342.33334,0,0,0,0,0,0,0,6,2054,0,0,-1,-1,5,-1,0,0,0,0,0,0,0,0,UDP,Attack
123,17,109126,4,0,1398,0,369,330,349.5,22.51666,0,0,0,0,12810.879,36.654877,36375.332,62961.492,109077,3,109126,36375.332,62961.492,109077,3,0,0,0,0,0,0,0,0,0,80,0,36.654877,0,330,369,345.6,21.36118,456.3,0,0,0,0,0,0,0,0,0,432,349.5,0,0,0,0,0,0,0,4,1398,0,0,-1,-1,3,20,0,0,0,0,0,0,0,0,UDP,Attack
124,17,987223,20,0,7242,0,401,321,362.1,30.127623,0,0,0,0,7335.7285,20.258848,51959.105,56276.29,110865,0,987223,51959.105,56276.29,110865,0,0,0,0,0,0,0,0,0,0,424,0,20.258848,0,321,401,360.14285,30.703886,942.7286,0,0,0,0,0,0,0,0,0,378.15,362.1,0,0,0,0,0,0,0,20,7242,0,0,-1,-1,19,20,0,0,0,0,0,0,0,0,UDP,Attack
125,17,47,2,0,766,0,383,383,383,0,0,0,0,0,16297872,42553.19,47,0,47,47,47,47,0,47,47,0,0,0,0,0,0,0,0,0,40,0,42553.19,0,383,383,383,0,0,0,0,0,0,0,0,0,0,0,574.5,383,0,0,0,0,0,0,0,2,766,0,0,-1,-1,1,20,0,0,0,0,0,0,0,0,UDP,Attack
126,17,2,2,0,802,0,401,401,401,0,0,0,0,0,401000000,1000000,2,0,2,2,2,2,0,2,2,0,0,0,0,0,0,0,0,0,-2,0,1000000,0,401,401,401,0,0,0,0,0,0,0,0,0,0,0,601.5,401,0,0,0,0,0,0,0,2,802,0,0,-1,-1,1,-1,0,0,0,0,0,0,0,0,UDP,Attack
127,17,107094,4,0,1438,0,389,330,359.5,34.063667,0,0,0,0,13427.456,37.350365,35698,61789.184,107046,2,107094,35698,61789.184,107046,2,0,0,0,0,0,0,0,0,0,80,0,37.350365,0,330,389,353.6,32.31563,1044.3,0,0,0,0,0,0,0,0,0,442,359.5,0,0,0,0,0,0,0,4,1438,0,0,-1,-1,3,20,0,0,0,0,0,0,0,0,UDP,Attack
128,17,212936,6,0,2088,0,393,321,348,35.08846,0,0,0,0,9805.764,28.17748,42587.2,58365.316,109942,1,212936,42587.2,58365.316,109942,1,0,0,0,0,0,0,0,0,0,120,0,28.17748,0,321,393,344.14285,33.617596,1130.1428,0,0,0,0,0,0,0,0,0,401.5,348,0,0,0,0,0,0,0,6,2088,0,0,-1,-1,5,20,0,0,0,0,0,0,0,0,UDP,Attack
129,17,105582,4,0,1398,0,369,330,349.5,22.51666,0,0,0,0,13240.894,37.885246,35194,60954.332,105578,2,105582,35194,60954.332,105578,2,0,0,0,0,0,0,0,0,0,80,0,37.885246,0,330,369,345.6,21.36118,456.3,0,0,0,0,0,0,0,0,0,432,349.5,0,0,0,0,0,0,0,4,1398,0,0,-1,-1,3,8,0,0,0,0,0,0,0,0,UDP,Attack
130,17,108121,4,0,1438,0,389,330,359.5,34.063667,0,0,0,0,13299.914,36.995586,36040.332,62421.957,108119,1,108121,36040.332,62421.957,108119,1,0,0,0,0,0,0,0,0,0,32,0,36.995586,0,330,389,353.6,32.31563,1044.3,0,0,0,0,0,0,0,0,0,442,359.5,0,0,0,0,0,0,0,4,1438,0,0,-1,-1,3,8,0,0,0,0,0,0,0,0,UDP,Attack
131,17,212631,6,0,2088,0,393,321,348,35.08846,0,0,0,0,9819.829,28.2179,42526.2,58287.324,109968,1,212631,42526.2,58287.324,109968,1,0,0,0,0,0,0,0,0,0,60,0,28.2179,0,321,393,344.14285,33.617596,1130.1428,0,0,0,0,0,0,0,0,0,401.5,348,0,0,0,0,0,0,0,6,2088,0,0,-1,-1,5,8,0,0,0,0,0,0,0,0,UDP,Attack
132,17,107271,4,0,1438,0,389,330,359.5,34.063667,0,0,0,0,13405.301,37.288734,35757,61930.344,107268,1,107271,35757,61930.344,107268,1,0,0,0,0,0,0,0,0,0,56,0,37.288734,0,330,389,353.6,32.31563,1044.3,0,0,0,0,0,0,0,0,0,442,359.5,0,0,0,0,0,0,0,4,1438,0,0,-1,-1,3,8,0,0,0,0,0,0,0,0,UDP,Attack
133,17,104735,4,0,1398,0,369,330,349.5,22.51666,0,0,0,0,13347.974,38.191628,34911.668,60467.047,104733,1,104735,34911.668,60467.047,104733,1,0,0,0,0,0,0,0,0,0,0,0,38.191628,0,330,369,345.6,21.36118,456.3,0,0,0,0,0,0,0,0,0,432,349.5,0,0,0,0,0,0,0,4,1398,0,0,-1,-1,3,0,0,0,0,0,0,0,0,0,UDP,Attack
134,17,218434,6,0,2088,0,393,321,348,35.08846,0,0,0,0,9558.951,27.468252,43686.8,59777.688,109824,1,218434,43686.8,59777.688,109824,1,0,0,0,0,0,0,0,0,0,-2125437876,0,27.468252,0,321,393,344.14285,33.617596,1130.1428,0,0,0,0,0,0,0,0,0,401.5,348,0,0,0,0,0,0,0,6,2088,0,0,-1,-1,5,-1062718972,0,0,0,0,0,0,0,0,UDP,Attack
135,17,108746,4,0,1438,0,389,330,359.5,34.063667,0,0,0,0,13223.475,36.782963,36248.668,62782.8,108744,1,108746,36248.668,62782.8,108744,1,0,0,0,0,0,0,0,0,0,32,0,36.782963,0,330,389,353.6,32.31563,1044.3,0,0,0,0,0,0,0,0,0,442,359.5,0,0,0,0,0,0,0,4,1438,0,0,-1,-1,3,8,0,0,0,0,0,0,0,0,UDP,Attack
136,17,106179,4,0,1398,0,369,330,349.5,22.51666,0,0,0,0,13166.445,37.672234,35393,61260.91,106131,1,106179,35393,61260.91,106131,1,0,0,0,0,0,0,0,0,0,80,0,37.672234,0,330,369,345.6,21.36118,456.3,0,0,0,0,0,0,0,0,0,432,349.5,0,0,0,0,0,0,0,4,1398,0,0,-1,-1,3,20,0,0,0,0,0,0,0,0,UDP,Attack
137,17,108391,4,0,1438,0,389,330,359.5,34.063667,0,0,0,0,13266.784,36.903435,36130.332,62577.84,108389,1,108391,36130.332,62577.84,108389,1,0,0,0,0,0,0,0,0,0,32,0,36.903435,0,330,389,353.6,32.31563,1044.3,0,0,0,0,0,0,0,0,0,442,359.5,0,0,0,0,0,0,0,4,1438,0,0,-1,-1,3,8,0,0,0,0,0,0,0,0,UDP,Attack
138,17,214055,6,0,2088,0,393,321,348,35.08846,0,0,0,0,9754.502,28.03018,42811,58640.098,110140,0,214055,42811,58640.098,110140,0,0,0,0,0,0,0,0,0,0,144,0,28.03018,0,321,393,344.14285,33.617596,1130.1428,0,0,0,0,0,0,0,0,0,401.5,348,0,0,0,0,0,0,0,6,2088,0,0,-1,-1,5,20,0,0,0,0,0,0,0,0,UDP,Attack
139,17,102970,4,0,1438,0,389,330,359.5,34.063667,0,0,0,0,13965.232,38.846268,34323.332,59409.06,102923,1,102970,34323.332,59409.06,102923,1,0,0,0,0,0,0,0,0,0,80,0,38.846268,0,330,389,353.6,32.31563,1044.3,0,0,0,0,0,0,0,0,0,442,359.5,0,0,0,0,0,0,0,4,1438,0,0,-1,-1,3,20,0,0,0,0,0,0,0,0,UDP,Attack
140,17,989256,20,0,7242,0,401,321,362.1,30.127623,0,0,0,0,7320.6533,20.217215,52066.105,56387.56,110620,0,989256,52066.105,56387.56,110620,0,0,0,0,0,0,0,0,0,0,232,0,20.217215,0,321,401,360.14285,30.703886,942.7286,0,0,0,0,0,0,0,0,0,378.15,362.1,0,0,0,0,0,0,0,20,7242,0,0,-1,-1,19,8,0,0,0,0,0,0,0,0,UDP,Attack
141,17,215076,6,0,2088,0,393,321,348,35.08846,0,0,0,0,9708.196,27.897116,43015.2,58922.04,109835,1,215076,43015.2,58922.04,109835,1,0,0,0,0,0,0,0,0,0,120,0,27.897116,0,321,393,344.14285,33.617596,1130.1428,0,0,0,0,0,0,0,0,0,401.5,348,0,0,0,0,0,0,0,6,2088,0,0,-1,-1,5,20,0,0,0,0,0,0,0,0,UDP,Attack
142,17,49,2,0,968,0,484,484,484,0,0,0,0,0,19755102,40816.33,49,0,49,49,49,49,0,49,49,0,0,0,0,0,0,0,0,0,16,0,40816.33,0,484,484,484,0,0,0,0,0,0,0,0,0,0,0,726,484,0,0,0,0,0,0,0,2,968,0,0,-1,-1,1,8,0,0,0,0,0,0,0,0,UDP,Attack
143,17,215104,6,0,2088,0,393,321,348,35.08846,0,0,0,0,9706.933,27.893484,43020.8,58933.37,110030,0,215104,43020.8,58933.37,110030,0,0,0,0,0,0,0,0,0,0,120,0,27.893484,0,321,393,344.14285,33.617596,1130.1428,0,0,0,0,0,0,0,0,0,401.5,348,0,0,0,0,0,0,0,6,2088,0,0,-1,-1,5,20,0,0,0,0,0,0,0,0,UDP,Attack
144,17,106184,4,0,1398,0,369,330,349.5,22.51666,0,0,0,0,13165.825,37.67046,35394.668,61265.527,106138,1,106184,35394.668,61265.527,106138,1,0,0,0,0,0,0,0,0,0,80,0,37.67046,0,330,369,345.6,21.36118,456.3,0,0,0,0,0,0,0,0,0,432,349.5,0,0,0,0,0,0,0,4,1398,0,0,-1,-1,3,20,0,0,0,0,0,0,0,0,UDP,Attack
145,17,49,2,0,766,0,383,383,383,0,0,0,0,0,15632653,40816.33,49,0,49,49,49,49,0,49,49,0,0,0,0,0,0,0,0,0,40,0,40816.33,0,383,383,383,0,0,0,0,0,0,0,0,0,0,0,574.5,383,0,0,0,0,0,0,0,2,766,0,0,-1,-1,1,20,0,0,0,0,0,0,0,0,UDP,Attack
146,17,47,2,0,750,0,375,375,375,0,0,0,0,0,15957447,42553.19,47,0,47,47,47,47,0,47,47,0,0,0,0,0,0,0,0,0,16,0,42553.19,0,375,375,375,0,0,0,0,0,0,0,0,0,0,0,562.5,375,0,0,0,0,0,0,0,2,750,0,0,-1,-1,1,8,0,0,0,0,0,0,0,0,UDP,Attack
147,17,989275,20,0,7242,0,401,321,362.1,30.127623,0,0,0,0,7320.5127,20.216825,52067.105,56399.203,113629,1,989275,52067.105,56399.203,113629,1,0,0,0,0,0,0,0,0,0,256,0,20.216825,0,321,401,360.14285,30.703886,942.7286,0,0,0,0,0,0,0,0,0,378.15,362.1,0,0,0,0,0,0,0,20,7242,0,0,-1,-1,19,8,0,0,0,0,0,0,0,0,UDP,Attack
148,17,49,2,0,766,0,383,383,383,0,0,0,0,0,15632653,40816.33,49,0,49,49,49,49,0,49,49,0,0,0,0,0,0,0,0,0,28,0,40816.33,0,383,383,383,0,0,0,0,0,0,0,0,0,0,0,574.5,383,0,0,0,0,0,0,0,2,766,0,0,-1,-1,1,14,0,0,0,0,0,0,0,0,UDP,Attack
149,17,1,2,0,766,0,383,383,383,0,0,0,0,0,766000000,2000000,1,0,1,1,1,1,0,1,1,0,0,0,0,0,0,0,0,0,-2,0,2000000,0,383,383,383,0,0,0,0,0,0,0,0,0,0,0,574.5,383,0,0,0,0,0,0,0,2,766,0,0,-1,-1,1,-1,0,0,0,0,0,0,0,0,UDP,Attack
150,17,2,2,0,766,0,383,383,383,0,0,0,0,0,383000000,1000000,2,0,2,2,2,2,0,2,2,0,0,0,0,0,0,0,0,0,16,0,1000000,0,383,383,383,0,0,0,0,0,0,0,0,0,0,0,574.5,383,0,0,0,0,0,0,0,2,766,0,0,-1,-1,1,8,0,0,0,0,0,0,0,0,UDP,Attack
151,17,106708,4,0,1398,0,369,330,349.5,22.51666,0,0,0,0,13101.173,37.485474,35569.332,61606.16,106706,1,106708,35569.332,61606.16,106706,1,0,0,0,0,0,0,0,0,0,80,0,37.485474,0,330,369,345.6,21.36118,456.3,0,0,0,0,0,0,0,0,0,432,349.5,0,0,0,0,0,0,0,4,1398,0,0,-1,-1,3,20,0,0,0,0,0,0,0,0,UDP,Attack
152,17,109187,4,0,1438,0,389,330,359.5,34.063667,0,0,0,0,13170.066,36.6344,36395.668,63037.41,109185,1,109187,36395.668,63037.41,109185,1,0,0,0,0,0,0,0,0,0,80,0,36.6344,0,330,389,353.6,32.31563,1044.3,0,0,0,0,0,0,0,0,0,442,359.5,0,0,0,0,0,0,0,4,1438,0,0,-1,-1,3,20,0,0,0,0,0,0,0,0,UDP,Attack
153,17,108796,4,0,1438,0,389,330,359.5,34.063667,0,0,0,0,13217.397,36.766056,36265.332,62770.97,108747,1,108796,36265.332,62770.97,108747,1,0,0,0,0,0,0,0,0,0,80,0,36.766056,0,330,389,353.6,32.31563,1044.3,0,0,0,0,0,0,0,0,0,442,359.5,0,0,0,0,0,0,0,4,1438,0,0,-1,-1,3,20,0,0,0,0,0,0,0,0,UDP,Attack
154,17,238876,6,0,2054,0,374,322,342.33334,24.856924,0,0,0,0,8598.604,25.117634,47775.2,65417.168,119819,1,238876,47775.2,65417.168,119819,1,0,0,0,0,0,0,0,0,0,80,0,25.117634,0,322,374,339.42856,23.957304,573.9524,0,0,0,0,0,0,0,0,0,396,342.33334,0,0,0,0,0,0,0,6,2054,0,0,-1,-1,5,0,0,0,0,0,0,0,0,0,UDP,Attack
155,17,105863,4,0,1438,0,389,330,359.5,34.063667,0,0,0,0,13583.594,37.784683,35287.668,61119.164,105862,0,105863,35287.668,61119.164,105862,0,0,0,0,0,0,0,0,0,0,80,0,37.784683,0,330,389,353.6,32.31563,1044.3,0,0,0,0,0,0,0,0,0,442,359.5,0,0,0,0,0,0,0,4,1438,0,0,-1,-1,3,20,0,0,0,0,0,0,0,0,UDP,Attack
156,17,48,2,0,802,0,401,401,401,0,0,0,0,0,16708333,41666.668,48,0,48,48,48,48,0,48,48,0,0,0,0,0,0,0,0,0,16,0,41666.668,0,401,401,401,0,0,0,0,0,0,0,0,0,0,0,601.5,401,0,0,0,0,0,0,0,2,802,0,0,-1,-1,1,8,0,0,0,0,0,0,0,0,UDP,Attack
157,17,213909,6,0,2088,0,393,321,348,35.08846,0,0,0,0,9761.16,28.04931,42781.8,58627.043,110304,1,213909,42781.8,58627.043,110304,1,0,0,0,0,0,0,0,0,0,120,0,28.04931,0,321,393,344.14285,33.617596,1130.1428,0,0,0,0,0,0,0,0,0,401.5,348,0,0,0,0,0,0,0,6,2088,0,0,-1,-1,5,20,0,0,0,0,0,0,0,0,UDP,Attack
158,17,106704,4,0,1398,0,369,330,349.5,22.51666,0,0,0,0,13101.664,37.48688,35568,61604.72,106703,0,106704,35568,61604.72,106703,0,0,0,0,0,0,0,0,0,0,80,0,37.48688,0,330,369,345.6,21.36118,456.3,0,0,0,0,0,0,0,0,0,432,349.5,0,0,0,0,0,0,0,4,1398,0,0,-1,-1,3,20,0,0,0,0,0,0,0,0,UDP,Attack
159,17,216309,6,0,2088,0,393,321,348,35.08846,0,0,0,0,9652.857,27.738096,43261.8,59255.684,110266,1,216309,43261.8,59255.684,110266,1,0,0,0,0,0,0,0,0,0,32,0,27.738096,0,321,393,344.14285,33.617596,1130.1428,0,0,0,0,0,0,0,0,0,401.5,348,0,0,0,0,0,0,0,6,2088,0,0,-1,-1,5,0,0,0,0,0,0,0,0,0,UDP,Attack
160,17,109153,4,0,1398,0,369,330,349.5,22.51666,0,0,0,0,12807.71,36.64581,36384.332,63017.78,109151,1,109153,36384.332,63017.78,109151,1,0,0,0,0,0,0,0,0,0,80,0,36.64581,0,330,369,345.6,21.36118,456.3,0,0,0,0,0,0,0,0,0,432,349.5,0,0,0,0,0,0,0,4,1398,0,0,-1,-1,3,20,0,0,0,0,0,0,0,0,UDP,Attack
161,17,109189,4,0,1438,0,389,330,359.5,34.063667,0,0,0,0,13169.825,36.633728,36396.332,63037.7,109186,1,109189,36396.332,63037.7,109186,1,0,0,0,0,0,0,0,0,0,56,0,36.633728,0,330,389,353.6,32.31563,1044.3,0,0,0,0,0,0,0,0,0,442,359.5,0,0,0,0,0,0,0,4,1438,0,0,-1,-1,3,8,0,0,0,0,0,0,0,0,UDP,Attack
162,17,109075,4,0,1438,0,389,330,359.5,34.063667,0,0,0,0,13183.589,36.672016,36358.332,62931.184,109025,1,109075,36358.332,62931.184,109025,1,0,0,0,0,0,0,0,0,0,0,0,36.672016,0,330,389,353.6,32.31563,1044.3,0,0,0,0,0,0,0,0,0,442,359.5,0,0,0,0,0,0,0,4,1438,0,0,-1,-1,3,0,0,0,0,0,0,0,0,0,UDP,Attack
163,17,1,2,0,766,0,383,383,383,0,0,0,0,0,766000000,2000000,1,0,1,1,1,1,0,1,1,0,0,0,0,0,0,0,0,0,738,0,2000000,0,383,383,383,0,0,0,0,0,0,0,0,0,0,0,574.5,383,0,0,0,0,0,0,0,2,766,0,0,-1,-1,1,369,0,0,0,0,0,0,0,0,UDP,Attack
164,17,218594,6,0,2088,0,393,321,348,35.08846,0,0,0,0,9551.955,27.448147,43718.8,59866.996,110266,0,218594,43718.8,59866.996,110266,0,0,0,0,0,0,0,0,0,0,120,0,27.448147,0,321,393,344.14285,33.617596,1130.1428,0,0,0,0,0,0,0,0,0,401.5,348,0,0,0,0,0,0,0,6,2088,0,0,-1,-1,5,20,0,0,0,0,0,0,0,0,UDP,Attack
165,17,217245,6,0,2088,0,393,321,348,35.08846,0,0,0,0,9611.269,27.618587,43449,59502.25,110196,2,217245,43449,59502.25,110196,2,0,0,0,0,0,0,0,0,0,120,0,27.618587,0,321,393,344.14285,33.617596,1130.1428,0,0,0,0,0,0,0,0,0,401.5,348,0,0,0,0,0,0,0,6,2088,0,0,-1,-1,5,20,0,0,0,0,0,0,0,0,UDP,Attack
166,17,49,2,0,802,0,401,401,401,0,0,0,0,0,16367347,40816.33,49,0,49,49,49,49,0,49,49,0,0,0,0,0,0,0,0,0,16,0,40816.33,0,401,401,401,0,0,0,0,0,0,0,0,0,0,0,601.5,401,0,0,0,0,0,0,0,2,802,0,0,-1,-1,1,8,0,0,0,0,0,0,0,0,UDP,Attack
167,17,659,6,0,2628,0,438,438,438,0,0,0,0,0,3987860.5,9104.704,131.8,292.47855,655,0,659,131.8,292.47855,655,0,0,0,0,0,0,0,0,0,0,48,0,9104.704,0,438,438,438,0,0,0,0,0,0,0,0,0,0,0,511,438,0,0,0,0,0,0,0,6,2628,0,0,-1,-1,5,8,0,0,0,0,0,0,0,0,UDP,Attack
168,17,109243,4,0,1438,0,389,330,359.5,34.063667,0,0,0,0,13163.314,36.61562,36414.332,63069.742,109241,1,109243,36414.332,63069.742,109241,1,0,0,0,0,0,0,0,0,0,68,0,36.61562,0,330,389,353.6,32.31563,1044.3,0,0,0,0,0,0,0,0,0,442,359.5,0,0,0,0,0,0,0,4,1438,0,0,-1,-1,3,14,0,0,0,0,0,0,0,0,UDP,Attack
169,17,106675,4,0,1438,0,389,330,359.5,34.063667,0,0,0,0,13480.197,37.49707,35558.332,61547.273,106627,1,106675,35558.332,61547.273,106627,1,0,0,0,0,0,0,0,0,0,-4,0,37.49707,0,330,389,353.6,32.31563,1044.3,0,0,0,0,0,0,0,0,0,442,359.5,0,0,0,0,0,0,0,4,1438,0,0,-1,-1,3,-1,0,0,0,0,0,0,0,0,UDP,Attack
170,17,108761,4,0,1398,0,369,330,349.5,22.51666,0,0,0,0,12853.872,36.77789,36253.668,62790.594,108758,1,108761,36253.668,62790.594,108758,1,0,0,0,0,0,0,0,0,0,32,0,36.77789,0,330,369,345.6,21.36118,456.3,0,0,0,0,0,0,0,0,0,432,349.5,0,0,0,0,0,0,0,4,1398,0,0,-1,-1,3,8,0,0,0,0,0,0,0,0,UDP,Attack
171,17,106444,4,0,1438,0,389,330,359.5,34.063667,0,0,0,0,13509.451,37.578445,35481.332,61413.906,106396,1,106444,35481.332,61413.906,106396,1,0,0,0,0,0,0,0,0,0,-2125437904,0,37.578445,0,330,389,353.6,32.31563,1044.3,0,0,0,0,0,0,0,0,0,442,359.5,0,0,0,0,0,0,0,4,1438,0,0,-1,-1,3,-1062718972,0,0,0,0,0,0,0,0,UDP,Attack
172,17,52,2,0,802,0,401,401,401,0,0,0,0,0,15423077,38461.54,52,0,52,52,52,52,0,52,52,0,0,0,0,0,0,0,0,0,16,0,38461.54,0,401,401,401,0,0,0,0,0,0,0,0,0,0,0,601.5,401,0,0,0,0,0,0,0,2,802,0,0,-1,-1,1,8,0,0,0,0,0,0,0,0,UDP,Attack
173,17,218545,6,0,2088,0,393,321,348,35.08846,0,0,0,0,9554.097,27.4543,43709,59849.195,109314,1,218545,43709,59849.195,109314,1,0,0,0,0,0,0,0,0,0,120,0,27.4543,0,321,393,344.14285,33.617596,1130.1428,0,0,0,0,0,0,0,0,0,401.5,348,0,0,0,0,0,0,0,6,2088,0,0,-1,-1,5,20,0,0,0,0,0,0,0,0,UDP,Attack
174,17,108003,4,0,1438,0,389,330,359.5,34.063667,0,0,0,0,13314.445,37.036007,36001,62354.695,108002,0,108003,36001,62354.695,108002,0,0,0,0,0,0,0,0,0,0,80,0,37.036007,0,330,389,353.6,32.31563,1044.3,0,0,0,0,0,0,0,0,0,442,359.5,0,0,0,0,0,0,0,4,1438,0,0,-1,-1,3,20,0,0,0,0,0,0,0,0,UDP,Attack
175,17,1,2,0,958,0,479,479,479,0,0,0,0,0,958000000,2000000,1,0,1,1,1,1,0,1,1,0,0,0,0,0,0,0,0,0,40,0,2000000,0,479,479,479,0,0,0,0,0,0,0,0,0,0,0,718.5,479,0,0,0,0,0,0,0,2,958,0,0,-1,-1,1,20,0,0,0,0,0,0,0,0,UDP,Attack
176,17,2,2,0,1014,0,507,507,507,0,0,0,0,0,507000000,1000000,2,0,2,2,2,2,0,2,2,0,0,0,0,0,0,0,0,0,28,0,1000000,0,507,507,507,0,0,0,0,0,0,0,0,0,0,0,760.5,507,0,0,0,0,0,0,0,2,1014,0,0,-1,-1,1,14,0,0,0,0,0,0,0,0,UDP,Attack
177,17,3,4,0,1846,0,491,432,461.5,34.063667,0,0,0,0,615333300,1333333.4,1,0,1,1,3,1,0,1,1,0,0,0,0,0,0,0,0,0,80,0,1333333.4,0,432,491,455.6,32.31563,1044.3,0,0,0,0,0,0,0,0,0,569.5,461.5,0,0,0,0,0,0,0,4,1846,0,0,-1,-1,3,20,0,0,0,0,0,0,0,0,UDP,Attack
178,17,43,2,0,766,0,383,383,383,0,0,0,0,0,17813954,46511.63,43,0,43,43,43,43,0,43,43,0,0,0,0,0,0,0,0,0,40,0,46511.63,0,383,383,383,0,0,0,0,0,0,0,0,0,0,0,574.5,383,0,0,0,0,0,0,0,2,766,0,0,-1,-1,1,20,0,0,0,0,0,0,0,0,UDP,Attack
179,17,104881,4,0,1398,0,369,330,349.5,22.51666,0,0,0,0,13329.393,38.138462,34960.332,60551.34,104879,1,104881,34960.332,60551.34,104879,1,0,0,0,0,0,0,0,0,0,80,0,38.138462,0,330,369,345.6,21.36118,456.3,0,0,0,0,0,0,0,0,0,432,349.5,0,0,0,0,0,0,0,4,1398,0,0,-1,-1,3,20,0,0,0,0,0,0,0,0,UDP,Attack
180,17,47,2,0,802,0,401,401,401,0,0,0,0,0,17063830,42553.19,47,0,47,47,47,47,0,47,47,0,0,0,0,0,0,0,0,0,40,0,42553.19,0,401,401,401,0,0,0,0,0,0,0,0,0,0,0,601.5,401,0,0,0,0,0,0,0,2,802,0,0,-1,-1,1,20,0,0,0,0,0,0,0,0,UDP,Attack
181,17,985037,20,0,7242,0,401,321,362.1,30.127623,0,0,0,0,7352.0083,20.303806,51844.05,56156.867,110898,1,985037,51844.05,56156.867,110898,1,0,0,0,0,0,0,0,0,0,208,0,20.303806,0,321,401,360.14285,30.703886,942.7286,0,0,0,0,0,0,0,0,0,378.15,362.1,0,0,0,0,0,0,0,20,7242,0,0,-1,-1,19,8,0,0,0,0,0,0,0,0,UDP,Attack
182,17,106329,4,0,1398,0,369,330,349.5,22.51666,0,0,0,0,13147.871,37.619087,35443,61347.51,106281,1,106329,35443,61347.51,106281,1,0,0,0,0,0,0,0,0,0,56,0,37.619087,0,330,369,345.6,21.36118,456.3,0,0,0,0,0,0,0,0,0,432,349.5,0,0,0,0,0,0,0,4,1398,0,0,-1,-1,3,14,0,0,0,0,0,0,0,0,UDP,Attack
183,17,212183,6,0,2088,0,393,321,348,35.08846,0,0,0,0,9840.5625,28.277477,42436.6,58165.227,109759,1,212183,42436.6,58165.227,109759,1,0,0,0,0,0,0,0,0,0,96,0,28.277477,0,321,393,344.14285,33.617596,1130.1428,0,0,0,0,0,0,0,0,0,401.5,348,0,0,0,0,0,0,0,6,2088,0,0,-1,-1,5,8,0,0,0,0,0,0,0,0,UDP,Attack
184,17,106602,4,0,1398,0,369,330,349.5,22.51666,0,0,0,0,13114.2,37.522747,35534,61504.26,106553,1,106602,35534,61504.26,106553,1,0,0,0,0,0,0,0,0,0,32,0,37.522747,0,330,369,345.6,21.36118,456.3,0,0,0,0,0,0,0,0,0,432,349.5,0,0,0,0,0,0,0,4,1398,0,0,-1,-1,3,8,0,0,0,0,0,0,0,0,UDP,Attack
185,17,105762,4,0,1438,0,389,330,359.5,34.063667,0,0,0,0,13596.565,37.820766,35254,61059.99,105760,1,105762,35254,61059.99,105760,1,0,0,0,0,0,0,0,0,0,80,0,37.820766,0,330,389,353.6,32.31563,1044.3,0,0,0,0,0,0,0,0,0,442,359.5,0,0,0,0,0,0,0,4,1438,0,0,-1,-1,3,20,0,0,0,0,0,0,0,0,UDP,Attack
186,17,1,2,0,660,0,330,330,330,0,0,0,0,0,660000000,2000000,1,0,1,1,1,1,0,1,1,0,0,0,0,0,0,0,0,0,40,0,2000000,0,330,330,330,0,0,0,0,0,0,0,0,0,0,0,495,330,0,0,0,0,0,0,0,2,660,0,0,-1,-1,1,20,0,0,0,0,0,0,0,0,UDP,Attack
187,17,218568,6,0,2088,0,393,321,348,35.08846,0,0,0,0,9553.091,27.45141,43713.6,59858.207,110019,1,218568,43713.6,59858.207,110019,1,0,0,0,0,0,0,0,0,0,120,0,27.45141,0,321,393,344.14285,33.617596,1130.1428,0,0,0,0,0,0,0,0,0,401.5,348,0,0,0,0,0,0,0,6,2088,0,0,-1,-1,5,20,0,0,0,0,0,0,0,0,UDP,Attack
188,17,107201,4,0,1398,0,369,330,349.5,22.51666,0,0,0,0,13040.923,37.313084,35733.668,61890.793,107199,1,107201,35733.668,61890.793,107199,1,0,0,0,0,0,0,0,0,0,32,0,37.313084,0,330,369,345.6,21.36118,456.3,0,0,0,0,0,0,0,0,0,432,349.5,0,0,0,0,0,0,0,4,1398,0,0,-1,-1,3,8,0,0,0,0,0,0,0,0,UDP,Attack
189,17,1,2,0,776,0,388,388,388,0,0,0,0,0,776000000,2000000,1,0,1,1,1,1,0,1,1,0,0,0,0,0,0,0,0,0,16,0,2000000,0,388,388,388,0,0,0,0,0,0,0,0,0,0,0,582,388,0,0,0,0,0,0,0,2,776,0,0,-1,-1,1,8,0,0,0,0,0,0,0,0,UDP,Attack
190,17,108878,4,0,1398,0,369,330,349.5,22.51666,0,0,0,0,12840.06,36.73837,36292.668,62859.875,108877,0,108878,36292.668,62859.875,108877,0,0,0,0,0,0,0,0,0,0,104,0,36.73837,0,330,369,345.6,21.36118,456.3,0,0,0,0,0,0,0,0,0,432,349.5,0,0,0,0,0,0,0,4,1398,0,0,-1,-1,3,20,0,0,0,0,0,0,0,0,UDP,Attack
191,17,107889,4,0,1438,0,389,330,359.5,34.063667,0,0,0,0,13328.514,37.07514,35963,62249.91,107843,1,107889,35963,62249.91,107843,1,0,0,0,0,0,0,0,0,0,56,0,37.07514,0,330,389,353.6,32.31563,1044.3,0,0,0,0,0,0,0,0,0,442,359.5,0,0,0,0,0,0,0,4,1438,0,0,-1,-1,3,14,0,0,0,0,0,0,0,0,UDP,Attack
192,17,48,2,0,766,0,383,383,383,0,0,0,0,0,15958333,41666.668,48,0,48,48,48,48,0,48,48,0,0,0,0,0,0,0,0,0,16,0,41666.668,0,383,383,383,0,0,0,0,0,0,0,0,0,0,0,574.5,383,0,0,0,0,0,0,0,2,766,0,0,-1,-1,1,8,0,0,0,0,0,0,0,0,UDP,Attack
193,17,47,2,0,766,0,383,383,383,0,0,0,0,0,16297872,42553.19,47,0,47,47,47,47,0,47,47,0,0,0,0,0,0,0,0,0,16,0,42553.19,0,383,383,383,0,0,0,0,0,0,0,0,0,0,0,574.5,383,0,0,0,0,0,0,0,2,766,0,0,-1,-1,1,8,0,0,0,0,0,0,0,0,UDP,Attack
194,17,1,2,0,750,0,375,375,375,0,0,0,0,0,750000000,2000000,1,0,1,1,1,1,0,1,1,0,0,0,0,0,0,0,0,0,0,0,2000000,0,375,375,375,0,0,0,0,0,0,0,0,0,0,0,562.5,375,0,0,0,0,0,0,0,2,750,0,0,-1,-1,1,0,0,0,0,0,0,0,0,0,UDP,Attack
195,17,213542,6,0,2088,0,393,321,348,35.08846,0,0,0,0,9777.936,28.097517,42708.4,58497.445,109781,1,213542,42708.4,58497.445,109781,1,0,0,0,0,0,0,0,0,0,96,0,28.097517,0,321,393,344.14285,33.617596,1130.1428,0,0,0,0,0,0,0,0,0,401.5,348,0,0,0,0,0,0,0,6,2088,0,0,-1,-1,5,8,0,0,0,0,0,0,0,0,UDP,Attack
196,17,984052,20,0,7242,0,401,321,362.1,30.127623,0,0,0,0,7359.367,20.32413,51792.21,56109.24,111049,1,984052,51792.21,56109.24,111049,1,0,0,0,0,0,0,0,0,0,1134,0,20.32413,0,321,401,360.14285,30.703886,942.7286,0,0,0,0,0,0,0,0,0,378.15,362.1,0,0,0,0,0,0,0,20,7242,0,0,-1,-1,19,20,0,0,0,0,0,0,0,0,UDP,Attack
197,17,214142,6,0,2088,0,393,321,348,35.08846,0,0,0,0,9750.539,28.018791,42828.4,58687.84,110283,1,214142,42828.4,58687.84,110283,1,0,0,0,0,0,0,0,0,0,96,0,28.018791,0,321,393,344.14285,33.617596,1130.1428,0,0,0,0,0,0,0,0,0,401.5,348,0,0,0,0,0,0,0,6,2088,0,0,-1,-1,5,8,0,0,0,0,0,0,0,0,UDP,Attack
198,17,215143,6,0,2088,0,393,321,348,35.08846,0,0,0,0,9705.173,27.888428,43028.6,58938.15,109775,1,215143,43028.6,58938.15,109775,1,0,0,0,0,0,0,0,0,0,-2125437912,0,27.888428,0,321,393,344.14285,33.617596,1130.1428,0,0,0,0,0,0,0,0,0,401.5,348,0,0,0,0,0,0,0,6,2088,0,0,-1,-1,5,-1062718972,0,0,0,0,0,0,0,0,UDP,Attack
199,17,108128,4,0,1398,0,369,330,349.5,22.51666,0,0,0,0,12929.121,36.993195,36042.668,62425.996,108126,1,108128,36042.668,62425.996,108126,1,0,0,0,0,0,0,0,0,0,32,0,36.993195,0,330,369,345.6,21.36118,456.3,0,0,0,0,0,0,0,0,0,432,349.5,0,0,0,0,0,0,0,4,1398,0,0,-1,-1,3,8,0,0,0,0,0,0,0,0,UDP,Attack
200,17,107939,4,0,1398,0,369,330,349.5,22.51666,0,0,0,0,12951.76,37.05797,35979.668,62316.88,107937,1,107939,35979.668,62316.88,107937,1,0,0,0,0,0,0,0,0,0,120,0,37.05797,0,330,369,345.6,21.36118,456.3,0,0,0,0,0,0,0,0,0,432,349.5,0,0,0,0,0,0,0,4,1398,0,0,-1,-1,3,20,0,0,0,0,0,0,0,0,UDP,Attack
201,17,215525,6,0,2088,0,393,321,348,35.08846,0,0,0,0,9687.972,27.838997,43105,59044.387,110076,1,215525,43105,59044.387,110076,1,0,0,0,0,0,0,0,0,0,38,0,27.838997,0,321,393,344.14285,33.617596,1130.1428,0,0,0,0,0,0,0,0,0,401.5,348,0,0,0,0,0,0,0,6,2088,0,0,-1,-1,5,-1,0,0,0,0,0,0,0,0,UDP,Attack
202,17,1,2,0,688,0,344,344,344,0,0,0,0,0,688000000,2000000,1,0,1,1,1,1,0,1,1,0,0,0,0,0,0,0,0,0,28,0,2000000,0,344,344,344,0,0,0,0,0,0,0,0,0,0,0,516,344,0,0,0,0,0,0,0,2,688,0,0,-1,-1,1,14,0,0,0,0,0,0,0,0,UDP,Attack
203,17,48,2,0,750,0,375,375,375,0,0,0,0,0,15625000,41666.668,48,0,48,48,48,48,0,48,48,0,0,0,0,0,0,0,0,0,-2,0,41666.668,0,375,375,375,0,0,0,0,0,0,0,0,0,0,0,562.5,375,0,0,0,0,0,0,0,2,750,0,0,-1,-1,1,-1,0,0,0,0,0,0,0,0,UDP,Attack
204,17,109383,4,0,1398,0,369,330,349.5,22.51666,0,0,0,0,12780.779,36.568752,36461,63110.74,109335,1,109383,36461,63110.74,109335,1,0,0,0,0,0,0,0,0,0,56,0,36.568752,0,330,369,345.6,21.36118,456.3,0,0,0,0,0,0,0,0,0,432,349.5,0,0,0,0,0,0,0,4,1398,0,0,-1,-1,3,14,0,0,0,0,0,0,0,0,UDP,Attack
205,17,20836,24,0,6832,0,316,236,284.66666,27.81721,0,0,0,0,327894.03,1151.8525,905.913,2366.682,11090,0,20836,905.913,2366.682,11090,0,0,0,0,0,0,0,0,0,0,-24,0,1151.8525,0,236,316,282.72,28.918737,836.29333,0,0,0,0,0,0,0,0,0,294.5,284.66666,0,0,0,0,0,0,0,24,6832,0,0,-1,-1,23,-1,0,0,0,0,0,0,0,0,UDP,Attack
206,17,108539,4,0,1438,0,389,330,359.5,34.063667,0,0,0,0,13248.694,36.85311,36179.668,62662.42,108536,1,108539,36179.668,62662.42,108536,1,0,0,0,0,0,0,0,0,0,80,0,36.85311,0,330,389,353.6,32.31563,1044.3,0,0,0,0,0,0,0,0,0,442,359.5,0,0,0,0,0,0,0,4,1438,0,0,-1,-1,3,20,0,0,0,0,0,0,0,0,UDP,Attack
